frase,situacao
a dor no peito piora com qualquer esforço e já dura dias,alto risco
sinto um incômodo leve no estômago de manhã,baixo risco
estou muito tonto com dor no peito e a vista escurecendo,alto risco
minha filha percebeu que estou com a boca torta,alto risco
sinto as mãos frias quando está frio,baixo risco
a dor no peito começou há uma hora e não passa,alto risco
tenho insuficiência cardíaca e hoje acordei sem ar,alto risco
minha perna está inchada e agora estou sem ar de repente,alto risco
estou com falta de ar e chiado depois de uma viagem longa de avião,alto risco
sinto dor no peito e falta de ar,alto risco
meu tornozelo está um pouco inchado depois de torcer jogando bola,baixo risco
estou com espinhas no rosto,baixo risco
estou com dor de cabeça por ficar muito tempo no sol,baixo risco
sinto o coração falhando e quase desmaiei no trabalho,alto risco
sinto o pescoço tenso depois de trabalhar no computador,baixo risco
fiquei sem conseguir falar por alguns minutos,alto risco
sinto falta de ar e meus pés e barriga estão muito inchados,alto risco
tive dor de barriga depois de comer muito,baixo risco
estou com o peito apertado e o braço formigando,alto risco
estou com o pulso muito acelerado e suor frio,alto risco
tive coriza e espirros a semana toda,baixo risco
a dor no peito me acordou de madrugada e estou suando,alto risco
sinto o corpo cansado depois de jogar futebol no fim de semana,baixo risco
estou com dor no peito e sou diabético,alto risco
sinto o coração acelerar um pouco depois do café mas logo passa,baixo risco
sinto dor nas costas entre as escápulas muito forte e rasgando,alto risco
sinto sono durante a tarde depois do almoço,baixo risco
sinto dor nas costas ao acordar mas melhora ao longo do dia,baixo risco
tenho uma pequena mancha roxa na perna de bater na mesa,baixo risco
tive uma azia depois do almoço,baixo risco
tenho um aperto no peito e estou suando frio,alto risco
sinto coceira na pele depois do banho,baixo risco
tive um desmaio e bati a cabeça,alto risco
dor no peito intensa que não melhora com repouso,alto risco
tenho uma leve dor no peito quando aperto um ponto do músculo,baixo risco
tive um leve incômodo nas costas,baixo risco
estou com dor no peito há trinta minutos e ela só aumenta,alto risco
tive uma tontura leve ao levantar rápido mas passou em segundos,baixo risco
meu tornozelo inchou e agora estou com dor ao respirar fundo,alto risco
meu braço dói porque carreguei peso ontem,baixo risco
tive enjoo leve depois de andar de barco,baixo risco
sinto um pouco de dor no punho de digitar,baixo risco
sinto o olho cansado depois de usar o celular,baixo risco
estou com um pouco de dor de garganta,baixo risco
minha pressão não baixa nem com o remédio e estou com dor no peito,alto risco
estou com uma dor forte no peito que vai para o braço esquerdo,alto risco
tive uma alergia leve com coceira no braço,baixo risco
apaguei na rua e não lembro o que aconteceu,alto risco
fiquei rouco depois do show,baixo risco
estou com a pele fria e pálida e muito fraco,alto risco
tive gases depois de comer feijão,baixo risco
sinto palpitações fortes com dor no peito,alto risco
sinto falta de ar intensa ao falar,alto risco
sinto dor de cabeça leve no fim do dia,baixo risco
estou respirando muito rápido e com dor ao inspirar,alto risco
o eletrocardiograma da farmácia deu alterado e estou com dor no peito,alto risco
estou com um pouco de prisão de ventre,baixo risco
tenho dor no pé quando uso sapato apertado,baixo risco
desmaiei hoje de manhã sem motivo aparente,alto risco
meu coração está disparado e sinto que vou desmaiar,alto risco
a dor no peito voltou mais forte do que da última vez,alto risco
estou com a garganta irritada por causa do ar condicionado,baixo risco
tenho um pouco de dor de ouvido,baixo risco
estou com bolha no pé de tanto caminhar,baixo risco
fiquei com dor no corpo depois da vacina,baixo risco
sinto dor nas costas por dormir de mau jeito,baixo risco
acordei com um torcicolo leve,baixo risco
estou com um pouco de dor de dente,baixo risco
meu coração está batendo acima de 150 em repouso,alto risco
tenho uma dor muscular na perna depois da academia,baixo risco
tive uma dor leve no peito depois de fazer flexões e passou com descanso,baixo risco
tenho um leve inchaço nos pés depois de um dia muito quente,baixo risco
não sinto dor no peito só um pouco de cansaço,baixo risco
estou com falta de ar mesmo parado,alto risco
sinto um leve formigamento no pé quando cruzo as pernas,baixo risco
estou com dor no peito forte depois de usar cocaína,alto risco
estou tossindo sangue e com falta de ar,alto risco
meu joelho dói quando subo escada,baixo risco
sinto uma queimação forte no peito com suor frio,alto risco
estou com uma dor no peito que irradia para as costas e para o pescoço,alto risco
tive dificuldade para engolir e falar ao mesmo tempo,alto risco
sinto o coração bater forte quando estou nervoso antes de apresentar trabalho,baixo risco
estou com os lábios rachados,baixo risco
estou com o peito apertado e muito ansioso como se fosse morrer,alto risco
sinto ardência nos olhos por causa da piscina,baixo risco
sinto dor no calcanhar de manhã,baixo risco
sinto uma dor esmagando o peito,alto risco
sinto dor nas pernas depois de caminhar muito no shopping,baixo risco
acordei com o peito doendo e o braço dormente,alto risco
fiquei com o ombro dolorido depois de jogar bola,baixo risco
sinto pontada no peito quando tusso por causa do resfriado,baixo risco
acordei sem conseguir respirar direito,alto risco
sinto o estômago um pouco estufado,baixo risco
estou com uma tosse leve há dois dias,baixo risco
estou com dificuldade para dormir por causa do barulho,baixo risco
estou com unha encravada,baixo risco
sinto dor na coluna depois de lavar a louça,baixo risco
de repente perdi a visão de um olho,alto risco
estou com o batimento muito lento e quase desmaiando,alto risco
sinto cansaço no fim do expediente,baixo risco
estou sem ar e com os lábios azulados,alto risco
minha fala ficou estranha e a mão direita não obedece,alto risco
estou um pouco ansioso por causa da prova,baixo risco
sinto um pouco de falta de ar quando estou resfriado com o nariz entupido,baixo risco
estou com dor no peito e a minha pressão caiu muito,alto risco
sinto a perna dolorida depois do treino de agachamento,baixo risco
sinto um aperto no peito que vem e volta cada vez mais forte,alto risco
não consigo deitar porque fico sem ar,alto risco
estou com febre e sopro no coração depois de tratamento dentário,alto risco
minha boca ficou torta e não consigo mexer o braço,alto risco
minha frequência cardíaca está irregular e estou com dor no peito,alto risco
comecei a falar enrolado de repente,alto risco
sinto um leve cansaço quando durmo pouco,baixo risco
estou grávida com pressão muito alta e dor de cabeça forte,alto risco
estou espirrando muito por causa da poeira,baixo risco
tive convulsão e estou com dor no peito,alto risco
estou com caspa,baixo risco
sinto um pouco de cansaço depois de correr,baixo risco
estou com o nariz sangrando um pouco por causa do tempo seco,baixo risco
sinto dor na lombar quando carrego a mochila,baixo risco
sinto o coração batendo muito rápido e irregular com tontura,alto risco
fiquei com o braço dolorido depois de tomar injeção,baixo risco
tive uma câimbra durante a noite,baixo risco
estou com a pele ressecada,baixo risco
sinto uma dor no peito que não passa nem sentado,alto risco
sinto o peito pesado e vomitei duas vezes,alto risco
estou sentindo o coração disparar e falta ar,alto risco
o lado esquerdo do rosto ficou dormente de repente,alto risco
meu marcapasso está apitando e estou tonto,alto risco
tenho mau hálito pela manhã,baixo risco
estou com dor no peito e formigamento na mandíbula,alto risco
estou com febre alta e o coração muito acelerado depois da cirurgia de válvula,alto risco
estou com dor no peito e muita náusea,alto risco
não sinto mais o braço esquerdo e estou com o peito apertado,alto risco
sinto um pouco de queimação no estômago quando como pimenta,baixo risco
estou um pouco desanimado por causa do tempo nublado,baixo risco
tenho dor nas articulações quando o tempo esfria,baixo risco
sinto dor no peito toda vez que faço qualquer movimento e estou com falta de ar,alto risco
sinto muita falta de ar e minhas pernas incharam muito,alto risco
estou com dor no peito e meu pai morreu de infarto,alto risco
estou com um resfriado leve,baixo risco
desmaiei enquanto subia a escada,alto risco
a pressão está muito alta e estou com a visão embaçada e confuso,alto risco
minha pressão está 22 por 14 e minha cabeça está explodindo,alto risco
tenho dor de cabeça quando fico sem comer,baixo risco
estou com um pequeno corte no dedo,baixo risco
fiquei confuso e não reconheci minha esposa por alguns minutos,alto risco
sinto uma pressão no peito que vai para a mandíbula,alto risco
tenho angina e a dor não passou com o remédio debaixo da língua,alto risco
tive uma leve febre com dor no corpo de gripe,baixo risco
tive uma dor de cabeça súbita muito forte e a visão ficou dupla,alto risco
sinto o pescoço dolorido de dormir no ônibus,baixo risco
estou com dor nas costas por ficar muito tempo sentado,baixo risco
meu coração parece que parou por alguns segundos e eu apaguei,alto risco
sinto um cansaço normal depois de um dia de mudança,baixo risco
perdi a força de um lado do corpo,alto risco
meus lábios estão ficando roxos,alto risco
tenho um pouco de falta de ar quando subo vários lances de escada correndo,baixo risco
estou tão cansado que não consigo andar até o banheiro,alto risco
estou com o nariz entupido e espirrando,baixo risco
