paciente,frase,inicio_sintomas,sintomas_identificados,diagnostico_sugerido,pontuacao,outras_possibilidades
1,"Há dois dias estou com uma dor no peito em aperto que vai para o braço esquerdo e piora quando faço esforço físico, hoje não consegui nem subir a escada de casa.",ha dois dias,braço esquerdo; dor no peito; dor no peito em aperto; esforço físico; piora quando faço esforço,Infarto Agudo do Miocárdio,5,Miocardite (1); Pericardite (1)
2,"Sinto cansaço constante há uma semana, mesmo depois de descansar, minhas pernas ficam inchadas no fim do dia e preciso dormir com dois travesseiros para conseguir respirar.",ha uma semana,cansaço; cansaço constante; dois travesseiros; inchadas no fim do dia; mesmo depois de descansar,Insuficiência Cardíaca,4,
3,"Desde ontem sinto o coração disparado e umas palpitações do nada, fiquei tonto no trabalho e tive que sentar até passar.",desde ontem,coração disparado; palpitações; palpitações do nada; tonto,Arritmia,4,
4,"Há três semanas sinto uma dor no peito quando caminho rápido, mas ela passa quando paro para descansar, por isso parei de ir a pé para o mercado.",ha tres semanas,caminho rápido; dor no peito; passa quando paro; quando caminho; quando paro para descansar,Angina,7,Miocardite (1); Infarto Agudo do Miocárdio (1)
5,"Faz uns dez dias que acordo com dor de cabeça na nuca e a visão fica embaçada, não consigo me concentrar no serviço e meu rosto fica vermelho.",faz uns dez dias,acordo com dor de cabeça; dor de cabeça; dor de cabeça na nuca; nuca; visão fica embaçada,Hipertensão Arterial,3,
6,"Hoje de manhã meu braço direito ficou dormente, a boca ficou torta e comecei a falar enrolado, minha esposa precisou me ajudar a levantar da cama.",hoje de manha,a boca ficou torta; braço direito ficou dormente; falar enrolado,Acidente Vascular Cerebral (AVC),4,
7,"Há quatro dias estou com uma dor no peito que piora quando deito e melhora quando inclino o corpo para frente, não consigo dormir direito por causa disso.",ha quatro dias,dor no peito; inclino o corpo para frente; piora quando deito,Pericardite,4,Miocardite (1); Infarto Agudo do Miocárdio (1)
8,"Depois de uma gripe forte há duas semanas fiquei com febre baixa, falta de ar e o coração acelerado, não consigo mais treinar nem fazer as tarefas de casa.",ha duas semanas,coração acelerado; depois de uma gripe; falta de ar; febre; febre baixa,Miocardite,5,Arritmia (1); Infarto Agudo do Miocárdio (1)
9,"Há cinco dias minha panturrilha está inchada e dolorida depois de uma viagem longa de ônibus, e hoje comecei a sentir falta de ar de repente com dor ao respirar fundo, por isso não consegui ir trabalhar.",ha cinco dias,dolorida; dor ao respirar fundo; falta de ar; falta de ar de repente; panturrilha; viagem longa,Trombose Venosa Profunda / Embolia Pulmonar,6,Miocardite (1); Infarto Agudo do Miocárdio (1)
10,"Há um mês tenho febre que vai e volta e suor noturno, perdi peso sem fazer dieta e apareceram umas manchas nos dedos depois que fiz um tratamento dentário, e ando sem forças para sair de casa.",ha um mes,febre; febre que vai e volta; manchas nos dedos; perdi peso; sem fazer dieta; suor noturno; tratamento dentário,Endocardite Infecciosa,8,Pericardite (1)
